tid,username,password
4cd1958b-a13b-4b86-8a9b-c2ca5f87e164,liesu@aszonis.mw,zxrSe
ed8f2e4f-a153-42e6-b08f-eb26e0a08024,liesu@aszonis.mw,zxrSe
8141b7b2-5944-4e6e-8c71-a6759ab0e727,liesu@aszonis.mw,zxrSe
1f37cd9a-4adc-49d1-85bb-851313f450cd,liesu@aszonis.mw,zxrSe
558eee78-940d-458c-b713-290e3f8cabfb,liesu@aszonis.mw,zxrSe
5145842c-d00c-43ec-a1f1-7de135ed7e5d,liesu@aszonis.mw,zxrSe
a384b4aa-15e8-41e8-bea8-c77dc31b0920,liesu@aszonis.mw,zxrSe
ef2633c7-a0e4-4b22-92df-266f0c753691,liesu@aszonis.mw,zxrSe
46f60af9-093d-42fc-9a4c-e5d492aa90c8,liesu@aszonis.mw,zxrSe
fff6f7c8-ddd8-4dc2-a63b-335d80fc6529,liesu@aszonis.mw,zxrSe
67d546dc-3578-4f46-99bf-9695b6f96f78,liesu@aszonis.mw,zxrSe
ef2633c7-a0e4-4b22-92df-266f0c753691,liesu@aszonis.mw,zxrSe
8a2bc99-8fb7-4f72-9fc3-fbb533819298,liesu@aszonis.mw,zxrSe
ea2c0e5d-4200-4f75-9bed-db47e747fa00,lughipjom@bakme.gy,xkeSY
e99da0f-2b64-4198-92cc-2e3a0487bc65,lughipjom@bakme.gy,xkeSY
f6c4170f-bbfa-4d33-8317-f27e6620d2f9,lughipjom@bakme.gy,xkeSY
