username,password,tid
liesu@aszonis.mw,zxrSe,a6375a63-673e-4f12-9187-f22a027825e6
liesu@aszonis.mw,zxrSe,46f60af9-093d-42fc-9a4c-e5d492aa90c8
liesu@aszonis.mw,zxrSe,821e937b-a73d-4f92-bc90-5e5496152a87
liesu@aszonis.mw,zxrSe,02ffbdc0-7264-42ea-a470-5e457d885c1f
liesu@aszonis.mw,zxrSe,1f37cd9a-4adc-49d1-85bb-851313f450cd
liesu@aszonis.mw,zxrSe,a384b4aa-15e8-41e8-bea8-c77dc31b0920
lughipjom@bakme.gy,xkeSY,3eea6d4d-2de9-42ae-968a-3245e810e060
lughipjom@bakme.gy,xkeSY,c7865224-c398-4c8b-b684-514164f6fc80
lughipjom@bakme.gy,xkeSY,e4c0746a-f449-4d21-b675-6b5e21daa1e4
lughipjom@bakme.gy,xkeSY,ea2c0e5d-4200-4f75-9bed-db47e747fa00
lughipjom@bakme.gy,xkeSY,e99da0f-2b64-4198-92cc-2e3a0487bc65
lughipjom@bakme.gy,xkeSY,f6c4170f-bbfa-4d33-8317-f27e6620d2f9
